-- =========================================================
-- WenArkhass (وين ورخص) — Seed Data
-- =========================================================
-- Fixed valid UUIDs
-- =========================================================

BEGIN;

-- =========================================================
-- Regions
-- =========================================================

INSERT INTO regions (id, name) VALUES
  ('00000000-0000-0000-0000-000000000001', 'Beirut'),
  ('00000000-0000-0000-0000-000000000002', 'Metn'),
  ('00000000-0000-0000-0000-000000000003', 'Keserwan'),
  ('00000000-0000-0000-0000-000000000004', 'Tripoli'),
  ('00000000-0000-0000-0000-000000000005', 'Sidon'),
  ('00000000-0000-0000-0000-000000000006', 'Zahle')
ON CONFLICT DO NOTHING;

-- =========================================================
-- Users
-- =========================================================

INSERT INTO users (
  id, role, status, email, password_hash, name, avatar_initials, city,
  trust_score, trust_level, upload_count, verified_count, joined_at
) VALUES
  ('10000000-0000-0000-0000-000000000001', 'shopper',  'active',  'layla@test.com', '$2a$11$pFP7BKMh2VD0DAxULp/FH.6YVN8xh50ZUoQmQA4XNAKKrgR6g3whO', 'Layla Khoury',  'LK', 'Beirut',  91,  'high',   42, 38, '2024-01-15T00:00:00Z'),
  ('10000000-0000-0000-0000-000000000002', 'shopper',  'active',  'rima@test.com',  '$2a$11$pFP7BKMh2VD0DAxULp/FH.6YVN8xh50ZUoQmQA4XNAKKrgR6g3whO', 'Rima Karam',    'RK', 'Tripoli', 67,  'medium', 18, 11, '2024-03-10T00:00:00Z'),
  ('10000000-0000-0000-0000-000000000003', 'shopper',  'warned',  'fouad@test.com', '$2a$11$pFP7BKMh2VD0DAxULp/FH.6YVN8xh50ZUoQmQA4XNAKKrgR6g3whO', 'Fouad Gemayel', 'FG', 'Jounieh', 25,  'low',    6,  1,  '2024-05-20T00:00:00Z'),
  ('10000000-0000-0000-0000-000000000004', 'retailer', 'active',  'habib@test.com', '$2a$11$pFP7BKMh2VD0DAxULp/FH.6YVN8xh50ZUoQmQA4XNAKKrgR6g3whO', 'Habib Nassar',  'HN', 'Beirut',  92,  'high',   0,  0,  '2024-02-01T00:00:00Z'),
  ('10000000-0000-0000-0000-000000000005', 'admin',    'active',  'admin@wein.app', '$2a$11$pFP7BKMh2VD0DAxULp/FH.6YVN8xh50ZUoQmQA4XNAKKrgR6g3whO', 'Admin User',    'AU', 'Beirut',  100, 'high',   0,  0,  '2023-12-01T00:00:00Z')
ON CONFLICT DO NOTHING;

-- =========================================================
-- Categories
-- =========================================================

INSERT INTO categories (id, name, sort_order) VALUES
  ('11000000-0000-0000-0000-000000000001', 'Dairy',     1),
  ('11000000-0000-0000-0000-000000000002', 'Bakery',    2),
  ('11000000-0000-0000-0000-000000000003', 'Oil',       3),
  ('11000000-0000-0000-0000-000000000004', 'Fuel',      4),
  ('11000000-0000-0000-0000-000000000005', 'Meat',      5),
  ('11000000-0000-0000-0000-000000000006', 'Grains',    6),
  ('11000000-0000-0000-0000-000000000007', 'Beverages', 7),
  ('11000000-0000-0000-0000-000000000008', 'Produce',   8)
ON CONFLICT DO NOTHING;

-- =========================================================
-- Products
-- =========================================================

INSERT INTO products (id, category_id, name, name_ar, unit, barcode, upload_count, is_archived) VALUES
  ('12000000-0000-0000-0000-000000000001', '11000000-0000-0000-0000-000000000001', 'Whole Milk TL 1L',        'حليب كامل الدسم ١ لتر',  '1L',     '6221012345001', 189, false),
  ('12000000-0000-0000-0000-000000000002', '11000000-0000-0000-0000-000000000001', 'Eggs 30 Pack',             'بيض ٣٠ حبة',              '30 pcs', '6221087654321', 211, false),
  ('12000000-0000-0000-0000-000000000003', '11000000-0000-0000-0000-000000000002', 'Bread Standard Loaf',      'خبز عربي رغيف',           'loaf',   '6221099887766', 302, false),
  ('12000000-0000-0000-0000-000000000004', '11000000-0000-0000-0000-000000000003', 'Olive Oil Extra 750ml',    'زيت زيتون ممتاز ٧٥٠مل',  '750ml',  '6221055443322', 143, false),
  ('12000000-0000-0000-0000-000000000005', '11000000-0000-0000-0000-000000000004', 'Diesel Fuel per Liter',    'ديزل لكل لتر',            'per L',  '6221011223344', 421, false),
  ('12000000-0000-0000-0000-000000000006', '11000000-0000-0000-0000-000000000004', 'Gasoline 95 Octane',       'بنزين ٩٥ أوكتان',         'per L',  '6221066778899', 388, false),
  ('12000000-0000-0000-0000-000000000007', '11000000-0000-0000-0000-000000000005', 'Chicken per kg',           'دجاج كيلو',               'kg',     '6221012345007', 167, false),
  ('12000000-0000-0000-0000-000000000008', '11000000-0000-0000-0000-000000000006', 'Egyptian White Rice 5kg',  'أرز أبيض مصري ٥ كيلو',   '5kg',    '6221012345008', 98,  false),
  ('12000000-0000-0000-0000-000000000009', '11000000-0000-0000-0000-000000000007', 'Water Bottle 1.5L',        'مياه معبأة ١.٥ لتر',      '1.5L',   '6221012345009', 275, false),
  ('12000000-0000-0000-0000-000000000010', '11000000-0000-0000-0000-000000000008', 'Lemon per kg',             'ليمون كيلو',              'kg',     NULL,            84,  false)
ON CONFLICT DO NOTHING;

-- =========================================================
-- Product Aliases
-- =========================================================

INSERT INTO product_aliases (product_id, alias) VALUES
  ('12000000-0000-0000-0000-000000000001', 'Milk TL 1L'),
  ('12000000-0000-0000-0000-000000000001', 'WholeMilk'),
  ('12000000-0000-0000-0000-000000000002', 'Eggs'),
  ('12000000-0000-0000-0000-000000000002', 'بيض'),
  ('12000000-0000-0000-0000-000000000003', 'Khobz'),
  ('12000000-0000-0000-0000-000000000003', 'Bread'),
  ('12000000-0000-0000-0000-000000000003', 'عيش'),
  ('12000000-0000-0000-0000-000000000004', 'Olive Oil 750'),
  ('12000000-0000-0000-0000-000000000004', 'زيت زيتون'),
  ('12000000-0000-0000-0000-000000000005', 'Mazout'),
  ('12000000-0000-0000-0000-000000000005', 'Diesel'),
  ('12000000-0000-0000-0000-000000000005', 'مازوت'),
  ('12000000-0000-0000-0000-000000000006', 'Benzine 95'),
  ('12000000-0000-0000-0000-000000000006', 'Gas 95'),
  ('12000000-0000-0000-0000-000000000006', 'بنزين'),
  ('12000000-0000-0000-0000-000000000007', 'Chicken'),
  ('12000000-0000-0000-0000-000000000007', 'Djej'),
  ('12000000-0000-0000-0000-000000000007', 'دجاج'),
  ('12000000-0000-0000-0000-000000000008', 'Rice 5kg'),
  ('12000000-0000-0000-0000-000000000008', 'أرز'),
  ('12000000-0000-0000-0000-000000000009', 'Water'),
  ('12000000-0000-0000-0000-000000000009', 'Maye'),
  ('12000000-0000-0000-0000-000000000009', 'مياه'),
  ('12000000-0000-0000-0000-000000000010', 'Lemon'),
  ('12000000-0000-0000-0000-000000000010', 'Laymoun'),
  ('12000000-0000-0000-0000-000000000010', 'ليمون')
ON CONFLICT DO NOTHING;

-- =========================================================
-- Stores
-- =========================================================

INSERT INTO stores (
  id, owner_user_id, name, chain, city, district, region, latitude, longitude,
  logo_url, trust_score, status, is_verified_retailer, power_status, internal_rate_lbp
) VALUES
  ('13000000-0000-0000-0000-000000000001', NULL,                                    'Spinneys Achrafieh',           'Spinneys',   'Beirut', 'Achrafieh',  'Beirut', 33.8886, 35.5160, 'https://upload.wikimedia.org/wikipedia/en/thumb/8/87/Spinneys_logo.svg/1200px-Spinneys_logo.svg.png', 96, 'verified', true,  'stable',        91500),
  ('13000000-0000-0000-0000-000000000002', NULL,                                    'Charcutier Aoun Fassouh',      NULL,         'Beirut', 'Fassouh',    'Beirut', 33.8920, 35.5210, NULL,                                                                                                        82, 'verified', false, 'unstable',      89500),
  ('13000000-0000-0000-0000-000000000003', NULL,                                    'Happy Supermarket Mar Mkhael', 'Happy',      'Beirut', 'Mar Mkhael', 'Beirut', 33.8840, 35.5130, 'https://happy.com.lb/logo.png',                                                                             89, 'verified', true,  'reported_warm', 92500),
  ('13000000-0000-0000-0000-000000000004', NULL,                                    'Bou Khalil Hamra',             'Bou Khalil', 'Beirut', 'Hamra',      'Beirut', 33.8950, 35.4850, 'https://boukhalil.com/logo.png',                                                                            91, 'verified', true,  'stable',        90000),
  ('13000000-0000-0000-0000-000000000005', NULL,                                    'TSC Dbayeh',                   'TSC',        'Dbayeh', 'Dbayeh',     'Metn',   33.9370, 35.5950, 'https://tsc.com.lb/logo.png',                                                                               94, 'verified', true,  'stable',        93000),
  ('13000000-0000-0000-0000-000000000006', NULL,                                    'Carrefour Dora',               'Carrefour',  'Beirut', 'Dora',       'Beirut', 33.9020, 35.5750, 'https://upload.wikimedia.org/wikipedia/en/thumb/0/05/Carrefour_logo.svg/1200px-Carrefour_logo.svg.png',    97, 'verified', true,  'stable',        89600),
  ('13000000-0000-0000-0000-000000000007', '10000000-0000-0000-0000-000000000004', 'Habib Market Gemmayzeh',       NULL,         'Beirut', 'Gemmayzeh',  'Beirut', 33.8900, 35.5180, 'https://habibmarket.com/logo.png',                                                                          92, 'verified', true,  'stable',        89500)
ON CONFLICT DO NOTHING;

-- =========================================================
-- Price Submissions
-- =========================================================

INSERT INTO price_submissions (
  id, store_id, product_id, submitted_by, source, submission_status, price_lbp,
  is_promotion, promo_ends_at, submitter_trust_score, upvotes, downvotes,
  is_disputed, dispute_reason, verified_by, verified_at, created_at
) VALUES
  ('14000000-0000-0000-0000-000000000001', '13000000-0000-0000-0000-000000000001', '12000000-0000-0000-0000-000000000001', '10000000-0000-0000-0000-000000000001', 'community', 'verified', 128000, false, NULL,                    91, 14, 0, false, NULL,                            '10000000-0000-0000-0000-000000000005', '2025-03-07T10:00:00Z', '2025-03-07T08:00:00Z'),
  ('14000000-0000-0000-0000-000000000002', '13000000-0000-0000-0000-000000000002', '12000000-0000-0000-0000-000000000001', '10000000-0000-0000-0000-000000000002', 'community', 'verified', 141000, false, NULL,                    67,  9, 1, true,  'Wrong price reported by owner', '10000000-0000-0000-0000-000000000005', '2025-03-06T15:00:00Z', '2025-03-06T14:00:00Z'),
  ('14000000-0000-0000-0000-000000000003', '13000000-0000-0000-0000-000000000004', '12000000-0000-0000-0000-000000000001', '10000000-0000-0000-0000-000000000001', 'community', 'verified', 125000, true,  '2025-03-20T00:00:00Z', 91, 22, 0, false, NULL,                            '10000000-0000-0000-0000-000000000005', '2025-03-07T07:00:00Z', '2025-03-07T06:00:00Z'),
  ('14000000-0000-0000-0000-000000000004', '13000000-0000-0000-0000-000000000006', '12000000-0000-0000-0000-000000000001', '10000000-0000-0000-0000-000000000003', 'community', 'pending',  132000, false, NULL,                    25,  2, 0, false, NULL,                            NULL,                                   NULL,                   '2025-03-07T11:00:00Z'),
  ('14000000-0000-0000-0000-000000000005', '13000000-0000-0000-0000-000000000005', '12000000-0000-0000-0000-000000000002', '10000000-0000-0000-0000-000000000001', 'community', 'verified', 395000, false, NULL,                    91, 18, 0, false, NULL,                            '10000000-0000-0000-0000-000000000005', '2025-03-05T10:00:00Z', '2025-03-05T09:00:00Z'),
  ('14000000-0000-0000-0000-000000000006', '13000000-0000-0000-0000-000000000003', '12000000-0000-0000-0000-000000000002', '10000000-0000-0000-0000-000000000002', 'community', 'verified', 430000, false, NULL,                    67,  7, 0, false, NULL,                            '10000000-0000-0000-0000-000000000005', '2025-03-06T09:00:00Z', '2025-03-06T08:30:00Z'),
  ('14000000-0000-0000-0000-000000000007', '13000000-0000-0000-0000-000000000002', '12000000-0000-0000-0000-000000000002', '10000000-0000-0000-0000-000000000003', 'community', 'flagged',  535000, false, NULL,                    25,  0, 9, false, NULL,                            NULL,                                   NULL,                   '2025-03-07T12:00:00Z'),
  ('14000000-0000-0000-0000-000000000008', '13000000-0000-0000-0000-000000000001', '12000000-0000-0000-0000-000000000003', '10000000-0000-0000-0000-000000000001', 'community', 'verified', 89000,  false, NULL,                    91, 31, 0, false, NULL,                            '10000000-0000-0000-0000-000000000005', '2025-03-04T08:00:00Z', '2025-03-04T07:00:00Z'),
  ('14000000-0000-0000-0000-000000000009', '13000000-0000-0000-0000-000000000007', '12000000-0000-0000-0000-000000000003', '10000000-0000-0000-0000-000000000004', 'official',  'verified', 82000,  false, NULL,                    92, 24, 0, false, NULL,                            '10000000-0000-0000-0000-000000000005', '2025-03-07T08:00:00Z', '2025-03-07T07:30:00Z'),
  ('14000000-0000-0000-0000-000000000010', '13000000-0000-0000-0000-000000000003', '12000000-0000-0000-0000-000000000003', '10000000-0000-0000-0000-000000000002', 'community', 'verified', 95000,  false, NULL,                    67, 11, 1, false, NULL,                            '10000000-0000-0000-0000-000000000005', '2025-03-06T13:00:00Z', '2025-03-06T12:00:00Z'),
  ('14000000-0000-0000-0000-000000000011', '13000000-0000-0000-0000-000000000007', '12000000-0000-0000-0000-000000000004', '10000000-0000-0000-0000-000000000004', 'official',  'verified', 458000, false, NULL,                    92,  8, 0, false, NULL,                            '10000000-0000-0000-0000-000000000005', '2025-03-07T09:30:00Z', '2025-03-07T09:00:00Z'),
  ('14000000-0000-0000-0000-000000000012', '13000000-0000-0000-0000-000000000001', '12000000-0000-0000-0000-000000000004', '10000000-0000-0000-0000-000000000001', 'community', 'verified', 612000, false, NULL,                    91,  5, 0, false, NULL,                            '10000000-0000-0000-0000-000000000005', '2025-03-05T12:00:00Z', '2025-03-05T11:00:00Z'),
  ('14000000-0000-0000-0000-000000000013', '13000000-0000-0000-0000-000000000005', '12000000-0000-0000-0000-000000000005', '10000000-0000-0000-0000-000000000001', 'community', 'verified', 112000, false, NULL,                    91, 19, 0, false, NULL,                            '10000000-0000-0000-0000-000000000005', '2025-03-07T06:30:00Z', '2025-03-07T06:00:00Z'),
  ('14000000-0000-0000-0000-000000000014', '13000000-0000-0000-0000-000000000006', '12000000-0000-0000-0000-000000000005', '10000000-0000-0000-0000-000000000002', 'community', 'verified', 116000, false, NULL,                    67, 12, 0, false, NULL,                            '10000000-0000-0000-0000-000000000005', '2025-03-07T07:30:00Z', '2025-03-07T07:00:00Z'),
  ('14000000-0000-0000-0000-000000000015', '13000000-0000-0000-0000-000000000005', '12000000-0000-0000-0000-000000000006', '10000000-0000-0000-0000-000000000001', 'community', 'verified', 121000, false, NULL,                    91, 16, 0, false, NULL,                            '10000000-0000-0000-0000-000000000005', '2025-03-07T06:30:00Z', '2025-03-07T06:00:00Z'),
  ('14000000-0000-0000-0000-000000000016', '13000000-0000-0000-0000-000000000006', '12000000-0000-0000-0000-000000000006', '10000000-0000-0000-0000-000000000002', 'community', 'pending',  126000, false, NULL,                    67,  3, 0, false, NULL,                            NULL,                                   NULL,                   '2025-03-07T08:00:00Z'),
  ('14000000-0000-0000-0000-000000000017', '13000000-0000-0000-0000-000000000004', '12000000-0000-0000-0000-000000000007', '10000000-0000-0000-0000-000000000001', 'community', 'verified', 385000, false, NULL,                    91, 21, 0, false, NULL,                            '10000000-0000-0000-0000-000000000005', '2025-03-06T11:00:00Z', '2025-03-06T10:00:00Z'),
  ('14000000-0000-0000-0000-000000000018', '13000000-0000-0000-0000-000000000003', '12000000-0000-0000-0000-000000000007', '10000000-0000-0000-0000-000000000002', 'community', 'verified', 420000, false, NULL,                    67,  9, 1, false, NULL,                            '10000000-0000-0000-0000-000000000005', '2025-03-05T15:00:00Z', '2025-03-05T14:00:00Z'),
  ('14000000-0000-0000-0000-000000000019', '13000000-0000-0000-0000-000000000001', '12000000-0000-0000-0000-000000000007', '10000000-0000-0000-0000-000000000001', 'community', 'verified', 465000, false, NULL,                    91,  6, 2, false, NULL,                            '10000000-0000-0000-0000-000000000005', '2025-03-04T10:00:00Z', '2025-03-04T09:00:00Z'),
  ('14000000-0000-0000-0000-000000000020', '13000000-0000-0000-0000-000000000007', '12000000-0000-0000-0000-000000000008', '10000000-0000-0000-0000-000000000004', 'official',  'verified', 410000, false, NULL,                    92, 28, 0, false, NULL,                            '10000000-0000-0000-0000-000000000005', '2025-03-01T09:30:00Z', '2025-03-01T09:00:00Z'),
  ('14000000-0000-0000-0000-000000000021', '13000000-0000-0000-0000-000000000006', '12000000-0000-0000-0000-000000000008', '10000000-0000-0000-0000-000000000002', 'community', 'verified', 448000, false, NULL,                    67, 15, 3, false, NULL,                            '10000000-0000-0000-0000-000000000005', '2025-02-28T15:00:00Z', '2025-02-28T14:00:00Z'),
  ('14000000-0000-0000-0000-000000000022', '13000000-0000-0000-0000-000000000002', '12000000-0000-0000-0000-000000000009', '10000000-0000-0000-0000-000000000001', 'community', 'verified', 52000,  false, NULL,                    91, 12, 0, false, NULL,                            '10000000-0000-0000-0000-000000000005', '2025-03-07T09:30:00Z', '2025-03-07T09:00:00Z'),
  ('14000000-0000-0000-0000-000000000023', '13000000-0000-0000-0000-000000000005', '12000000-0000-0000-0000-000000000009', '10000000-0000-0000-0000-000000000001', 'community', 'verified', 45000,  true,  '2025-03-18T00:00:00Z', 91, 33, 0, false, NULL,                            '10000000-0000-0000-0000-000000000005', '2025-03-07T07:30:00Z', '2025-03-07T07:00:00Z'),
  ('14000000-0000-0000-0000-000000000024', '13000000-0000-0000-0000-000000000001', '12000000-0000-0000-0000-000000000009', '10000000-0000-0000-0000-000000000002', 'community', 'verified', 68000,  false, NULL,                    67,  8, 1, false, NULL,                            '10000000-0000-0000-0000-000000000005', '2025-03-05T11:00:00Z', '2025-03-05T10:00:00Z'),
  ('14000000-0000-0000-0000-000000000025', '13000000-0000-0000-0000-000000000007', '12000000-0000-0000-0000-000000000010', '10000000-0000-0000-0000-000000000004', 'official',  'verified', 96000,  false, NULL,                    92, 17, 0, false, NULL,                            '10000000-0000-0000-0000-000000000005', '2025-03-07T08:30:00Z', '2025-03-07T08:00:00Z'),
  ('14000000-0000-0000-0000-000000000026', '13000000-0000-0000-0000-000000000003', '12000000-0000-0000-0000-000000000010', '10000000-0000-0000-0000-000000000003', 'community', 'pending',  145000, false, NULL,                    25,  0, 4, true,  'Inflated price reported',       NULL,                                   NULL,                   '2025-03-07T13:00:00Z'),
  ('14000000-0000-0000-0000-000000000027', '13000000-0000-0000-0000-000000000001', '12000000-0000-0000-0000-000000000002', '10000000-0000-0000-0000-000000000005', 'official',  'verified', 415000, false, NULL,                    100, 5,  0, false, NULL,                            '10000000-0000-0000-0000-000000000005', '2025-03-08T09:00:00Z', '2025-03-08T09:00:00Z'),
  ('14000000-0000-0000-0000-000000000028', '13000000-0000-0000-0000-000000000001', '12000000-0000-0000-0000-000000000004', '10000000-0000-0000-0000-000000000005', 'official',  'verified', 590000, false, NULL,                    100, 3,  0, false, NULL,                            '10000000-0000-0000-0000-000000000005', '2025-03-08T09:00:00Z', '2025-03-08T09:00:00Z')
ON CONFLICT DO NOTHING;

-- =========================================================
-- Price Feedback
-- =========================================================

INSERT INTO price_feedback (id, price_entry_id, submitted_by, type, note, status, created_at) VALUES
  ('15000000-0000-0000-0000-000000000001', '14000000-0000-0000-0000-000000000002', '10000000-0000-0000-0000-000000000001', 'outdated',    'Checked today — it''s LBP 148,000 now at Charcutier Aoun',      'open',     '2025-03-07T07:00:00Z'),
  ('15000000-0000-0000-0000-000000000002', '14000000-0000-0000-0000-000000000007', '10000000-0000-0000-0000-000000000002', 'wrong_price', '535,000 is impossible for eggs, must be a mistake',              'reviewed', '2025-03-07T13:00:00Z'),
  ('15000000-0000-0000-0000-000000000003', '14000000-0000-0000-0000-000000000003', '10000000-0000-0000-0000-000000000003', 'general',     'Confirmed the promo — Bou Khalil Hamra is definitely cheapest', 'resolved', '2025-03-07T08:00:00Z'),
  ('15000000-0000-0000-0000-000000000004', '14000000-0000-0000-0000-000000000026', '10000000-0000-0000-0000-000000000001', 'wrong_price', '145,000 for lemons makes no sense — market rate is ~95,000',    'open',     '2025-03-07T14:00:00Z')
ON CONFLICT DO NOTHING;

-- =========================================================
-- Notifications
-- =========================================================

INSERT INTO notifications (id, user_id, type, title, message, related_price_entry_id, is_read, created_at) VALUES
  ('16000000-0000-0000-0000-000000000001', '10000000-0000-0000-0000-000000000001', 'price_verified', 'Receipt Verified ✓',    'Your Spinneys submission for Whole Milk was verified',      '14000000-0000-0000-0000-000000000001', false, '2025-03-07T10:00:00Z'),
  ('16000000-0000-0000-0000-000000000002', '10000000-0000-0000-0000-000000000001', 'trust_earned',   'Trust Point Earned 🌟', 'You earned +5 trust for a confirmed upload at Bou Khalil', '14000000-0000-0000-0000-000000000003', false, '2025-03-07T06:30:00Z'),
  ('16000000-0000-0000-0000-000000000003', '10000000-0000-0000-0000-000000000001', 'price_alert',    'Price Drop Alert 📉',   'Water 1.5L dropped to LBP 45,000 at TSC Dbayeh — promo!', '14000000-0000-0000-0000-000000000023', true,  '2025-03-07T07:10:00Z'),
  ('16000000-0000-0000-0000-000000000004', '10000000-0000-0000-0000-000000000002', 'price_flagged',  'Submission Flagged ⚠️', 'Your Eggs submission at Charcutier Aoun is under review',   '14000000-0000-0000-0000-000000000007', false, '2025-03-07T13:30:00Z'),
  ('16000000-0000-0000-0000-000000000005', '10000000-0000-0000-0000-000000000001', 'price_alert',    'Price Drop Alert 📉',   'Whole Milk dropped to LBP 125,000 at Bou Khalil — promo!', '14000000-0000-0000-0000-000000000003', false, '2025-03-07T06:05:00Z')
ON CONFLICT DO NOTHING;

-- =========================================================
-- Store Promotions
-- =========================================================

INSERT INTO store_promotions (id, store_id, product_id, discount_percent, original_price_lbp, promo_price_lbp, starts_at, ends_at, status) VALUES
  ('17000000-0000-0000-0000-000000000001', '13000000-0000-0000-0000-000000000004', '12000000-0000-0000-0000-000000000001', 12, 142000, 125000, '2025-03-06T00:00:00Z', '2025-03-20T00:00:00Z', 'active'),
  ('17000000-0000-0000-0000-000000000002', '13000000-0000-0000-0000-000000000005', '12000000-0000-0000-0000-000000000009', 18, 55000,  45000,  '2025-03-05T00:00:00Z', '2025-03-18T00:00:00Z', 'active'),
  ('17000000-0000-0000-0000-000000000003', '13000000-0000-0000-0000-000000000007', '12000000-0000-0000-0000-000000000004', 10, 510000, 458000, '2025-02-15T00:00:00Z', '2025-03-01T00:00:00Z', 'expired')
ON CONFLICT DO NOTHING;

-- =========================================================
-- Admin Audit Logs
-- =========================================================

INSERT INTO admin_audit_logs (id, performed_by, action, target_user_id, target_price_entry_id, target_product_id, note, created_at) VALUES
  ('18000000-0000-0000-0000-000000000001', '10000000-0000-0000-0000-000000000005', 'approved', NULL,                                   '14000000-0000-0000-0000-000000000001', NULL,                                   'Verified against uploaded receipt — Spinneys Achrafieh',         '2025-03-07T10:00:00Z'),
  ('18000000-0000-0000-0000-000000000002', '10000000-0000-0000-0000-000000000005', 'rejected', NULL,                                   '14000000-0000-0000-0000-000000000007', NULL,                                   'Eggs price of 535k is implausible — flagged for review',         '2025-03-07T13:30:00Z'),
  ('18000000-0000-0000-0000-000000000003', '10000000-0000-0000-0000-000000000005', 'warned',   '10000000-0000-0000-0000-000000000003', NULL,                                   NULL,                                   'Third suspicious submission this week by Fouad G.',              '2025-03-07T11:00:00Z'),
  ('18000000-0000-0000-0000-000000000004', '10000000-0000-0000-0000-000000000005', 'merged',   NULL,                                   NULL,                                   '12000000-0000-0000-0000-000000000001', 'Merged ''Milk TL 1L'' and ''WholeMilk'' into canonical product', '2025-03-06T14:00:00Z'),
  ('18000000-0000-0000-0000-000000000005', '10000000-0000-0000-0000-000000000005', 'approved', NULL,                                   '14000000-0000-0000-0000-000000000023', NULL,                                   'TSC Dbayeh promo for Water confirmed via receipt scan',          '2025-03-07T07:30:00Z')
ON CONFLICT DO NOTHING;

-- =========================================================
-- Fuel Prices
-- =========================================================

INSERT INTO fuel_prices (id, fuel_type, official_price_lbp, reported_price_lbp, effective_from, effective_to, source) VALUES
  ('19000000-0000-0000-0000-000000000001', 'gasoline_95', 894000, 910000, '2025-03-06T00:00:00Z', '2025-03-13T00:00:00Z', 'Ministry of Energy Lebanon'),
  ('19000000-0000-0000-0000-000000000002', 'gasoline_98', 952000, 952000, '2025-03-06T00:00:00Z', '2025-03-13T00:00:00Z', 'Ministry of Energy Lebanon'),
  ('19000000-0000-0000-0000-000000000003', 'diesel',      756000, 756000, '2025-03-06T00:00:00Z', '2025-03-13T00:00:00Z', 'Ministry of Energy Lebanon')
ON CONFLICT DO NOTHING;

-- =========================================================
-- Station Reports
-- =========================================================

INSERT INTO station_reports (id, store_id, fuel_type, is_open, has_stock, queue_minutes, queue_depth, is_rationed, limit_amount_lbp, reported_by, created_at) VALUES
  ('1a000000-0000-0000-0000-000000000001', '13000000-0000-0000-0000-000000000001', 'gasoline_95', true,  true,  5,  2,  true,  2000000, '10000000-0000-0000-0000-000000000001', '2025-03-08T07:30:00Z'),
  ('1a000000-0000-0000-0000-000000000002', '13000000-0000-0000-0000-000000000002', 'gasoline_95', false, false, 0,  0,  false, NULL,    '10000000-0000-0000-0000-000000000003', '2025-03-08T06:00:00Z'),
  ('1a000000-0000-0000-0000-000000000003', '13000000-0000-0000-0000-000000000004', 'diesel',      true,  true, 20, 18,  true,  1500000, '10000000-0000-0000-0000-000000000001', '2025-03-08T08:00:00Z'),
  ('1a000000-0000-0000-0000-000000000004', '13000000-0000-0000-0000-000000000003', 'gasoline_95', true,  false, 0,  0,  false, NULL,    '10000000-0000-0000-0000-000000000002', '2025-03-08T05:00:00Z')
ON CONFLICT DO NOTHING;

INSERT INTO station_report_confirmations (report_id, user_id) VALUES
  ('1a000000-0000-0000-0000-000000000001', '10000000-0000-0000-0000-000000000001'),
  ('1a000000-0000-0000-0000-000000000001', '10000000-0000-0000-0000-000000000003'),
  ('1a000000-0000-0000-0000-000000000001', '10000000-0000-0000-0000-000000000005'),
  ('1a000000-0000-0000-0000-000000000002', '10000000-0000-0000-0000-000000000003'),
  ('1a000000-0000-0000-0000-000000000003', '10000000-0000-0000-0000-000000000001'),
  ('1a000000-0000-0000-0000-000000000003', '10000000-0000-0000-0000-000000000002')
ON CONFLICT DO NOTHING;

-- =========================================================
-- Store Catalog Items
-- =========================================================

INSERT INTO store_catalog_items (
  id, store_id, product_id, official_price_lbp, promo_price_lbp, promo_ends_at,
  is_in_stock, is_promotion, last_updated_by, last_updated_at, created_at
) VALUES
  ('1b000000-0000-0000-0000-000000000001', '13000000-0000-0000-0000-000000000001', '12000000-0000-0000-0000-000000000001', 128000, NULL,   NULL,                    true,  false, '10000000-0000-0000-0000-000000000005', '2025-03-07T08:00:00Z', '2025-01-15T09:00:00Z'),
  ('1b000000-0000-0000-0000-000000000002', '13000000-0000-0000-0000-000000000001', '12000000-0000-0000-0000-000000000002', 415000, NULL,   NULL,                    true,  false, '10000000-0000-0000-0000-000000000005', '2025-03-08T09:00:00Z', '2025-01-15T09:00:00Z'),
  ('1b000000-0000-0000-0000-000000000003', '13000000-0000-0000-0000-000000000001', '12000000-0000-0000-0000-000000000003', 89000,  NULL,   NULL,                    true,  false, '10000000-0000-0000-0000-000000000005', '2025-03-04T07:00:00Z', '2025-01-15T09:00:00Z'),
  ('1b000000-0000-0000-0000-000000000004', '13000000-0000-0000-0000-000000000001', '12000000-0000-0000-0000-000000000004', 590000, 520000, '2025-03-25T00:00:00Z', true,  true,  '10000000-0000-0000-0000-000000000005', '2025-03-08T09:00:00Z', '2025-01-15T09:00:00Z'),
  ('1b000000-0000-0000-0000-000000000005', '13000000-0000-0000-0000-000000000001', '12000000-0000-0000-0000-000000000007', 465000, NULL,   NULL,                    true,  false, '10000000-0000-0000-0000-000000000005', '2025-03-04T09:00:00Z', '2025-01-15T09:00:00Z'),
  ('1b000000-0000-0000-0000-000000000006', '13000000-0000-0000-0000-000000000001', '12000000-0000-0000-0000-000000000009', 68000,  NULL,   NULL,                    true,  false, '10000000-0000-0000-0000-000000000005', '2025-03-05T10:00:00Z', '2025-01-15T09:00:00Z'),
  ('1b000000-0000-0000-0000-000000000007', '13000000-0000-0000-0000-000000000007', '12000000-0000-0000-0000-000000000003', 82000,  NULL,   NULL,                    true,  false, '10000000-0000-0000-0000-000000000004', '2025-03-07T07:30:00Z', '2025-02-01T10:00:00Z'),
  ('1b000000-0000-0000-0000-000000000008', '13000000-0000-0000-0000-000000000007', '12000000-0000-0000-0000-000000000004', 458000, 440000, '2025-03-15T00:00:00Z', true,  true,  '10000000-0000-0000-0000-000000000004', '2025-03-07T09:00:00Z', '2025-02-01T10:00:00Z'),
  ('1b000000-0000-0000-0000-000000000009', '13000000-0000-0000-0000-000000000007', '12000000-0000-0000-0000-000000000008', 410000, NULL,   NULL,                    true,  false, '10000000-0000-0000-0000-000000000004', '2025-03-01T09:00:00Z', '2025-02-01T10:00:00Z'),
  ('1b000000-0000-0000-0000-000000000010', '13000000-0000-0000-0000-000000000007', '12000000-0000-0000-0000-000000000010', 96000,  NULL,   NULL,                    true,  false, '10000000-0000-0000-0000-000000000004', '2025-03-07T08:00:00Z', '2025-02-01T10:00:00Z'),
  ('1b000000-0000-0000-0000-000000000011', '13000000-0000-0000-0000-000000000005', '12000000-0000-0000-0000-000000000002', 395000, NULL,   NULL,                    true,  false, '10000000-0000-0000-0000-000000000005', '2025-03-05T09:00:00Z', '2025-02-10T08:00:00Z'),
  ('1b000000-0000-0000-0000-000000000012', '13000000-0000-0000-0000-000000000005', '12000000-0000-0000-0000-000000000009', 45000,  38000,  '2025-03-18T00:00:00Z', true,  true,  '10000000-0000-0000-0000-000000000005', '2025-03-07T07:00:00Z', '2025-02-10T08:00:00Z'),
  ('1b000000-0000-0000-0000-000000000013', '13000000-0000-0000-0000-000000000005', '12000000-0000-0000-0000-000000000005', 112000, NULL,   NULL,                    true,  false, '10000000-0000-0000-0000-000000000005', '2025-03-07T06:00:00Z', '2025-02-10T08:00:00Z'),
  ('1b000000-0000-0000-0000-000000000014', '13000000-0000-0000-0000-000000000004', '12000000-0000-0000-0000-000000000001', 125000, 110000, '2025-03-20T00:00:00Z', true,  true,  '10000000-0000-0000-0000-000000000005', '2025-03-07T06:00:00Z', '2025-02-15T09:00:00Z'),
  ('1b000000-0000-0000-0000-000000000015', '13000000-0000-0000-0000-000000000004', '12000000-0000-0000-0000-000000000007', 385000, NULL,   NULL,                    false, false, '10000000-0000-0000-0000-000000000005', '2025-03-06T10:00:00Z', '2025-02-15T09:00:00Z'),
  ('1b000000-0000-0000-0000-000000000016', '13000000-0000-0000-0000-000000000006', '12000000-0000-0000-0000-000000000008', 448000, NULL,   NULL,                    true,  false, '10000000-0000-0000-0000-000000000005', '2025-02-28T14:00:00Z', '2025-01-20T10:00:00Z'),
  ('1b000000-0000-0000-0000-000000000017', '13000000-0000-0000-0000-000000000006', '12000000-0000-0000-0000-000000000006', 126000, NULL,   NULL,                    true,  false, '10000000-0000-0000-0000-000000000005', '2025-03-07T08:00:00Z', '2025-01-20T10:00:00Z')
ON CONFLICT DO NOTHING;

-- =========================================================
-- Catalog Discrepancy Reports
-- =========================================================

INSERT INTO catalog_discrepancy_reports (
  id, catalog_item_id, store_id, product_id, reported_by, reporter_trust_score,
  report_type, observed_price_lbp, note, status, approved_new_price_lbp,
  review_note, reviewed_by, created_at, resolved_at
) VALUES
  ('1c000000-0000-0000-0000-000000000001', '1b000000-0000-0000-0000-000000000001', '13000000-0000-0000-0000-000000000001', '12000000-0000-0000-0000-000000000001', '10000000-0000-0000-0000-000000000001', 91, 'price_higher', 148000, 'Checked today — shelf sticker says 148,000 LBP',            'pending',    NULL,   NULL,                                                  NULL,                                   '2025-03-07T07:00:00Z', NULL),
  ('1c000000-0000-0000-0000-000000000002', '1b000000-0000-0000-0000-000000000011', '13000000-0000-0000-0000-000000000005', '12000000-0000-0000-0000-000000000002', '10000000-0000-0000-0000-000000000002', 67, 'price_lower',  380000, 'I saw a discount sticker — 380k not 395k',                   'approved',   380000, 'Confirmed via receipt scan. Catalog updated.',               '10000000-0000-0000-0000-000000000005', '2025-03-06T08:30:00Z', '2025-03-06T12:00:00Z'),
  ('1c000000-0000-0000-0000-000000000003', '1b000000-0000-0000-0000-000000000015', '13000000-0000-0000-0000-000000000004', '12000000-0000-0000-0000-000000000007', '10000000-0000-0000-0000-000000000001', 91, 'out_of_stock', NULL,   'Chicken section was completely empty when I visited',        'approved',   NULL,   'Confirmed out of stock. Updated isInStock flag.',            '10000000-0000-0000-0000-000000000005', '2025-03-06T09:00:00Z', '2025-03-06T10:30:00Z'),
  ('1c000000-0000-0000-0000-000000000004', '1b000000-0000-0000-0000-000000000008', '13000000-0000-0000-0000-000000000007', '12000000-0000-0000-0000-000000000004', '10000000-0000-0000-0000-000000000003', 25, 'price_higher', 510000, 'Promo sign was there but cashier charged full price',        'rejected',   NULL,   'Unable to verify. Low-trust reporter — no receipt.',         '10000000-0000-0000-0000-000000000005', '2025-03-07T12:00:00Z', '2025-03-07T14:00:00Z'),
  ('1c000000-0000-0000-0000-000000000005', '1b000000-0000-0000-0000-000000000016', '13000000-0000-0000-0000-000000000006', '12000000-0000-0000-0000-000000000008', '10000000-0000-0000-0000-000000000002', 67, 'price_higher', 470000, 'Old price on catalog — shelf shows 470k now',                'pending',    NULL,   NULL,                                                  NULL,                                   '2025-03-08T11:00:00Z', NULL),
  ('1c000000-0000-0000-0000-000000000006', '1b000000-0000-0000-0000-000000000003', '13000000-0000-0000-0000-000000000001', '12000000-0000-0000-0000-000000000003', '10000000-0000-0000-0000-000000000001', 91, 'wrong_unit',   NULL,   'Catalog says ''loaf'' but store sells bread by weight now',   'needs_info', NULL,   'Need clarification on the weight unit used.',                '10000000-0000-0000-0000-000000000005', '2025-03-08T14:00:00Z', NULL)
ON CONFLICT DO NOTHING;

-- =========================================================
-- Missing Product Requests
-- =========================================================

INSERT INTO missing_product_requests (
  id, store_id, product_id, product_name_freetext, requested_by, requester_trust_score,
  note, status, review_note, reviewed_by, created_at, resolved_at
) VALUES
  ('1d000000-0000-0000-0000-000000000001', '13000000-0000-0000-0000-000000000001', '12000000-0000-0000-0000-000000000010', NULL,             '10000000-0000-0000-0000-000000000001', 91, 'Spinneys Achrafieh now sells lemons — not in their catalog yet', 'pending',   NULL,                                                  NULL,                                   '2025-03-08T15:00:00Z', NULL),
  ('1d000000-0000-0000-0000-000000000002', '13000000-0000-0000-0000-000000000007', NULL,                                   'Labneh TL 500g', '10000000-0000-0000-0000-000000000002', 67, 'New labneh product on the shelf',                                'forwarded', 'Forwarded to Habib Market owner for catalog update.', '10000000-0000-0000-0000-000000000005', '2025-03-06T09:00:00Z', '2025-03-06T11:00:00Z'),
  ('1d000000-0000-0000-0000-000000000003', '13000000-0000-0000-0000-000000000005', NULL,                                   'Energy Drink "Monster"', '10000000-0000-0000-0000-000000000003', 25, 'They sell it at the cashier', 'rejected', 'Not a primary staple — outside catalog scope.', '10000000-0000-0000-0000-000000000005', '2025-03-07T10:00:00Z', '2025-03-07T12:00:00Z')
ON CONFLICT DO NOTHING;

-- =========================================================
-- Catalog Audit Entries
-- =========================================================

INSERT INTO catalog_audit_entries (
  id, catalog_item_id, store_id, product_id, changed_by, reason, related_report_id,
  previous_price_lbp, new_price_lbp, note, created_at
) VALUES
  ('1e000000-0000-0000-0000-000000000001', '1b000000-0000-0000-0000-000000000011', '13000000-0000-0000-0000-000000000005', '12000000-0000-0000-0000-000000000002', '10000000-0000-0000-0000-000000000005', 'discrepancy_approved', '1c000000-0000-0000-0000-000000000002', 395000, 380000, 'Community report confirmed via receipt scan.', '2025-03-06T12:00:00Z'),
  ('1e000000-0000-0000-0000-000000000002', '1b000000-0000-0000-0000-000000000004', '13000000-0000-0000-0000-000000000001', '12000000-0000-0000-0000-000000000004', '10000000-0000-0000-0000-000000000005', 'promo_started',        NULL,                                   590000, 520000, 'Promo activated for Olive Oil at Spinneys.',   '2025-03-08T09:00:00Z'),
  ('1e000000-0000-0000-0000-000000000003', '1b000000-0000-0000-0000-000000000001', '13000000-0000-0000-0000-000000000001', '12000000-0000-0000-0000-000000000001', '10000000-0000-0000-0000-000000000005', 'owner_update',         NULL,                                   122000, 128000, 'Regular weekly price update by store manager.', '2025-03-07T08:00:00Z')
ON CONFLICT DO NOTHING;

-- =========================================================
-- Approval Requests
-- =========================================================

INSERT INTO approval_requests (
  id, requested_by, reviewed_by, action, label, payload, status, review_note, created_at, resolved_at
) VALUES
  ('1f000000-0000-0000-0000-000000000001',
    '10000000-0000-0000-0000-000000000001', NULL,
    'account:delete', 'Delete Account',
    '{"reason": "I no longer want to participate", "userId": "10000000-0000-0000-0000-000000000001"}'::jsonb,
    'pending', NULL,
    NOW() - INTERVAL '20 minutes', NULL),
  ('1f000000-0000-0000-0000-000000000002',
    '10000000-0000-0000-0000-000000000002', NULL,
    'bulk:delete', 'Bulk Delete Price Submissions',
    '{"count": 6, "reason": "Submitted incorrect prices by mistake", "priceIds": ["14000000-0000-0000-0000-000000000005","14000000-0000-0000-0000-000000000006","14000000-0000-0000-0000-000000000007"]}'::jsonb,
    'pending', NULL,
    NOW() - INTERVAL '55 minutes', NULL),
  ('1f000000-0000-0000-0000-000000000003',
    '10000000-0000-0000-0000-000000000003', '10000000-0000-0000-0000-000000000005',
    'account:delete', 'Delete Account',
    '{"reason": "Privacy concerns", "userId": "10000000-0000-0000-0000-000000000003"}'::jsonb,
    'approved', 'Verified identity. Approved deletion per user request.',
    NOW() - INTERVAL '3 hours', NOW() - INTERVAL '2 hours'),
  ('1f000000-0000-0000-0000-000000000004',
    '10000000-0000-0000-0000-000000000001', '10000000-0000-0000-0000-000000000005',
    'bulk:delete', 'Bulk Delete Price Submissions',
    '{"count": 2, "reason": "Old data, no longer accurate", "priceIds": ["14000000-0000-0000-0000-000000000001","14000000-0000-0000-0000-000000000002"]}'::jsonb,
    'rejected', 'Cannot delete verified submissions — these are part of the price history.',
    NOW() - INTERVAL '24 hours', NOW() - INTERVAL '23 hours')
ON CONFLICT DO NOTHING;

-- =========================================================
-- System Broadcasts / Global Alerts
-- =========================================================

INSERT INTO system_broadcasts (id, type, message, severity, is_active, created_at) VALUES
  ('20000000-0000-0000-0000-000000000001', 'stock_out', 'Warning: Bread is out of stock in 80% of Metn stores right now.',      'high',   true, NOW()),
  ('20000000-0000-0000-0000-000000000002', 'news',      'Ministry of Energy: Official fuel prices will be updated in 4 hours.', 'medium', true, NOW())
ON CONFLICT DO NOTHING;

COMMIT;